ts,lat,lon,time
1772078927718,34.021841,-118.283132,2026-02-26 04:08:47.718
1772079173826,34.021657,-118.283054,2026-02-26 04:12:53.826
1772079357848,34.020623,-118.283149,2026-02-26 04:15:57.848
1772079539023,34.019056,-118.283165,2026-02-26 04:18:59.023
1772079718676,34.018033,-118.282649,2026-02-26 04:21:58.676
1772079910617,34.017595,-118.282146,2026-02-26 04:25:10.617
1772080090446,34.019208,-118.281677,2026-02-26 04:28:10.446
1772080114703,34.020839,-118.280636,2026-02-26 04:28:34.703
1772080143862,34.022471,-118.279587,2026-02-26 04:29:03.862
1772080212167,34.024079,-118.278553,2026-02-26 04:30:12.167
1772080232311,34.025702,-118.277556,2026-02-26 04:30:32.311
1772080253532,34.027319,-118.276533,2026-02-26 04:30:53.532
1772080370033,34.028923,-118.277653,2026-02-26 04:32:50.033
1772080386149,34.029811,-118.27964,2026-02-26 04:33:06.149
1772080402383,34.030703,-118.281583,2026-02-26 04:33:22.383
1772080430551,34.031592,-118.28355,2026-02-26 04:33:50.551
1772080447707,34.032216,-118.283944,2026-02-26 04:34:07.707
1772080466842,34.034044,-118.28397,2026-02-26 04:34:26.842
1772080514189,34.035849,-118.283973,2026-02-26 04:35:14.189
1772080540406,34.037709,-118.283962,2026-02-26 04:35:40.406
1772080627889,34.038191,-118.283811,2026-02-26 04:37:07.889
1772080940564,34.038219,-118.283818,2026-02-26 04:42:20.564
1772081120416,34.03821,-118.283857,2026-02-26 04:45:20.416
1772081300193,34.038205,-118.283846,2026-02-26 04:48:20.193
1772081539366,34.038214,-118.283851,2026-02-26 04:52:19.366
1772081719628,34.037826,-118.283458,2026-02-26 04:55:19.628
1772081801940,34.036064,-118.284057,2026-02-26 04:56:41.940
1772081840317,34.034211,-118.284048,2026-02-26 04:57:20.317
1772081856381,34.032341,-118.284012,2026-02-26 04:57:36.381
1772082066222,34.032178,-118.282853,2026-02-26 05:01:06.222
1772082246136,34.032247,-118.282823,2026-02-26 05:04:06.136
1772082285465,34.033913,-118.283916,2026-02-26 05:04:45.465
1772082327851,34.035788,-118.283939,2026-02-26 05:05:27.851
1772082407198,34.037228,-118.282483,2026-02-26 05:06:47.198
1772082422332,34.037712,-118.280312,2026-02-26 05:07:02.332
1772082426486,34.037754,-118.280005,2026-02-26 05:07:06.486
1772082442626,34.037951,-118.277829,2026-02-26 05:07:22.626
1772082454795,34.038051,-118.2756,2026-02-26 05:07:34.795
1772082465982,34.03799,-118.273215,2026-02-26 05:07:45.982
1772082474095,34.037182,-118.271223,2026-02-26 05:07:54.095
1772082482200,34.03589,-118.269322,2026-02-26 05:08:02.200
1772082489285,34.034753,-118.267484,2026-02-26 05:08:09.285
1772082498479,34.033651,-118.265543,2026-02-26 05:08:18.479
1772082506609,34.032522,-118.263597,2026-02-26 05:08:26.609
1772082513730,34.031622,-118.261532,2026-02-26 05:08:33.730
1772082520874,34.030954,-118.259367,2026-02-26 05:08:40.874
1772082527995,34.030152,-118.257312,2026-02-26 05:08:47.995
1772082535116,34.02913,-118.255309,2026-02-26 05:08:55.116
1772082542244,34.028122,-118.253443,2026-02-26 05:09:02.244
1772082548376,34.027134,-118.251624,2026-02-26 05:09:08.376
1772082556511,34.02603,-118.24958,2026-02-26 05:09:16.511
1772082564644,34.02491,-118.247522,2026-02-26 05:09:24.644
1772082571727,34.023992,-118.245553,2026-02-26 05:09:31.727
1772082578833,34.023636,-118.243395,2026-02-26 05:09:38.833
1772082587013,34.023906,-118.241137,2026-02-26 05:09:47.013
1772082595138,34.024679,-118.239111,2026-02-26 05:09:55.138
1772082604258,34.025525,-118.236998,2026-02-26 05:10:04.258
1772082606360,34.025707,-118.236536,2026-02-26 05:10:06.360
1772082614529,34.026585,-118.234389,2026-02-26 05:10:14.529
1772082622667,34.027402,-118.232397,2026-02-26 05:10:22.667
1772082630795,34.028212,-118.230114,2026-02-26 05:10:30.795
1772082637919,34.028678,-118.227978,2026-02-26 05:10:37.919
1772082646086,34.029054,-118.225756,2026-02-26 05:10:46.086
1772082654207,34.029386,-118.223527,2026-02-26 05:10:54.207
1772082662281,34.029286,-118.221176,2026-02-26 05:11:02.281
1772082669433,34.02911,-118.218728,2026-02-26 05:11:09.433
1772082677566,34.029048,-118.216332,2026-02-26 05:11:17.566
1772082685659,34.029101,-118.214141,2026-02-26 05:11:25.659
1772082693810,34.02869,-118.211978,2026-02-26 05:11:33.810
1772082702317,34.028068,-118.209644,2026-02-26 05:11:42.317
1772082709129,34.028057,-118.207437,2026-02-26 05:11:49.129
1772082716251,34.028411,-118.205265,2026-02-26 05:11:56.251
1772082723428,34.028812,-118.202917,2026-02-26 05:12:03.428
1772082730449,34.029206,-118.200671,2026-02-26 05:12:10.449
1772082737605,34.029746,-118.198318,2026-02-26 05:12:17.605
1772082744727,34.03036,-118.195918,2026-02-26 05:12:24.727
1772082750878,34.0309,-118.19376,2026-02-26 05:12:30.878
1772082756929,34.031416,-118.191684,2026-02-26 05:12:36.929
1772082763093,34.031704,-118.189543,2026-02-26 05:12:43.093
1772082769214,34.031707,-118.18734,2026-02-26 05:12:49.214
1772082774319,34.031826,-118.18513,2026-02-26 05:12:54.319
1772082780424,34.032341,-118.183012,2026-02-26 05:13:00.424
1772082786547,34.033031,-118.181349,2026-02-26 05:13:06.547
1772082792744,34.034043,-118.179166,2026-02-26 05:13:12.744
1772082799914,34.03459,-118.176814,2026-02-26 05:13:19.914
1772082806964,34.034892,-118.174422,2026-02-26 05:13:26.964
1772082814074,34.035279,-118.17195,2026-02-26 05:13:34.074
1772082821231,34.035681,-118.169518,2026-02-26 05:13:41.231
1772082827341,34.036077,-118.167058,2026-02-26 05:13:47.341
1772082833446,34.036406,-118.164882,2026-02-26 05:13:53.446
1772082839574,34.036511,-118.162679,2026-02-26 05:13:59.574
1772082846679,34.036562,-118.160207,2026-02-26 05:14:06.679
1772082853820,34.036602,-118.157761,2026-02-26 05:14:13.820
1772082860949,34.036555,-118.155303,2026-02-26 05:14:20.949
1772082868101,34.036186,-118.152822,2026-02-26 05:14:28.101
1772082875213,34.035414,-118.150484,2026-02-26 05:14:35.213
1772082880286,34.034441,-118.148561,2026-02-26 05:14:40.286
1772082886496,34.033565,-118.146565,2026-02-26 05:14:46.496
1772082892546,34.033096,-118.144444,2026-02-26 05:14:52.546
1772082898719,34.033007,-118.142254,2026-02-26 05:14:58.719
1772082905834,34.033038,-118.139771,2026-02-26 05:15:05.834
1772082912954,34.033062,-118.13732,2026-02-26 05:15:12.954
1772082920105,34.033072,-118.134945,2026-02-26 05:15:20.105
1772082927214,34.033093,-118.132517,2026-02-26 05:15:27.214
1772082933333,34.033116,-118.129999,2026-02-26 05:15:33.333
1772082940453,34.033145,-118.127525,2026-02-26 05:15:40.453
1772082947611,34.033167,-118.125048,2026-02-26 05:15:47.611
1772082953700,34.033188,-118.122875,2026-02-26 05:15:53.700
1772082960809,34.033215,-118.120378,2026-02-26 05:16:00.809
1772082965980,34.033236,-118.118613,2026-02-26 05:16:05.980
1772082973096,34.033262,-118.116236,2026-02-26 05:16:13.096
1772082980253,34.033282,-118.113875,2026-02-26 05:16:20.253
1772082986315,34.033468,-118.111488,2026-02-26 05:16:26.315
1772082993455,34.033949,-118.109193,2026-02-26 05:16:33.455
1772083000595,34.034428,-118.106956,2026-02-26 05:16:40.595
1772083007754,34.034936,-118.104738,2026-02-26 05:16:47.754
1772083014881,34.035457,-118.102497,2026-02-26 05:16:54.881
1772083022009,34.035747,-118.100168,2026-02-26 05:17:02.009
1772083029135,34.035731,-118.097717,2026-02-26 05:17:09.135
1772083035268,34.035672,-118.095477,2026-02-26 05:17:15.268
1772083040361,34.035919,-118.093292,2026-02-26 05:17:20.361
1772083046483,34.036453,-118.091125,2026-02-26 05:17:26.483
1772083052683,34.037008,-118.08888,2026-02-26 05:17:32.683
1772083058763,34.037553,-118.086589,2026-02-26 05:17:38.763
1772083064914,34.038146,-118.084373,2026-02-26 05:17:44.914
1772083071043,34.038811,-118.082329,2026-02-26 05:17:51.043
1772083078156,34.039661,-118.080064,2026-02-26 05:17:58.156
1772083084295,34.040375,-118.077698,2026-02-26 05:18:04.295
1772083090449,34.040701,-118.075518,2026-02-26 05:18:10.449
1772083096679,34.041025,-118.073321,2026-02-26 05:18:16.679
1772083102804,34.041245,-118.071054,2026-02-26 05:18:22.804
1772083108788,34.041258,-118.068832,2026-02-26 05:18:28.788
1772083115913,34.041262,-118.066335,2026-02-26 05:18:35.913
1772083123160,34.041267,-118.063821,2026-02-26 05:18:43.160
1772083129199,34.041237,-118.06165,2026-02-26 05:18:49.199
1772083134319,34.040992,-118.059368,2026-02-26 05:18:54.319
1772083140460,34.040594,-118.057068,2026-02-26 05:19:00.460
1772083146580,34.040258,-118.05514,2026-02-26 05:19:06.580
1772083151698,34.039846,-118.052783,2026-02-26 05:19:11.698
1772083157820,34.039446,-118.050473,2026-02-26 05:19:17.820
1772083163929,34.039056,-118.048236,2026-02-26 05:19:23.929
1772083170061,34.038658,-118.045963,2026-02-26 05:19:30.061
1772083176200,34.038242,-118.04371,2026-02-26 05:19:36.200
1772083181309,34.037864,-118.041573,2026-02-26 05:19:41.309
1772083188441,34.037456,-118.039223,2026-02-26 05:19:48.441
1772083195598,34.037069,-118.037026,2026-02-26 05:19:55.598
1772083203714,34.036606,-118.034675,2026-02-26 05:20:03.714
1772083211957,34.036016,-118.032435,2026-02-26 05:20:11.957
1772083220973,34.035189,-118.030419,2026-02-26 05:20:20.973
1772083232128,34.033623,-118.029286,2026-02-26 05:20:32.128
1772083245274,34.033509,-118.027071,2026-02-26 05:20:45.274
1772083255415,34.035061,-118.025579,2026-02-26 05:20:55.415
1772083264682,34.036325,-118.023963,2026-02-26 05:21:04.682
1772083273627,34.037707,-118.022169,2026-02-26 05:21:13.627
1772083280779,34.038731,-118.020339,2026-02-26 05:21:20.779
1772083287858,34.039552,-118.018266,2026-02-26 05:21:27.858
1772083294978,34.040377,-118.016293,2026-02-26 05:21:34.978
1772083303160,34.041264,-118.01408,2026-02-26 05:21:43.160
1772083311331,34.042329,-118.012031,2026-02-26 05:21:51.331
1772083318487,34.043748,-118.010378,2026-02-26 05:21:58.487
1772083326535,34.045242,-118.009285,2026-02-26 05:22:06.535
1772083333741,34.047082,-118.008265,2026-02-26 05:22:13.741
1772083341809,34.048944,-118.007218,2026-02-26 05:22:21.809
1772083349075,34.050606,-118.006279,2026-02-26 05:22:29.075
1772083356088,34.052259,-118.005348,2026-02-26 05:22:36.088
1772083363192,34.053894,-118.004429,2026-02-26 05:22:43.192
1772083370340,34.055708,-118.003409,2026-02-26 05:22:50.340
1772083377418,34.057395,-118.002455,2026-02-26 05:22:57.418
1772083384589,34.059223,-118.001523,2026-02-26 05:23:04.589
1772083391703,34.061146,-118.000795,2026-02-26 05:23:11.703
1772083398799,34.063037,-118.000195,2026-02-26 05:23:18.799
1772083405972,34.064877,-118.000059,2026-02-26 05:23:25.972
1772083413060,34.066671,-118.000342,2026-02-26 05:23:33.060
1772083420170,34.068515,-118.000499,2026-02-26 05:23:40.170
1772083434922,34.070364,-118.000148,2026-02-26 05:23:54.922
1772083435342,34.072186,-117.999527,2026-02-26 05:23:55.342
1772083440611,34.073957,-117.998921,2026-02-26 05:24:00.611
1772083447747,34.075702,-117.998342,2026-02-26 05:24:07.747
1772083454842,34.077485,-117.997952,2026-02-26 05:24:14.842
1772083461964,34.079411,-117.997806,2026-02-26 05:24:21.964
1772083469123,34.081328,-117.997576,2026-02-26 05:24:29.123
1772083476258,34.083176,-117.997127,2026-02-26 05:24:36.258
1772083483405,34.085026,-117.996416,2026-02-26 05:24:43.405
1772083491539,34.086707,-117.995579,2026-02-26 05:24:51.539
1772083500659,34.088346,-117.99453,2026-02-26 05:25:00.659
1772083506749,34.089145,-117.993861,2026-02-26 05:25:06.749
1772083516929,34.090637,-117.992374,2026-02-26 05:25:16.929
1772083575235,34.091863,-117.994045,2026-02-26 05:26:15.235
1772083584351,34.091351,-117.996351,2026-02-26 05:26:24.351
1772083603507,34.090171,-117.99805,2026-02-26 05:26:43.507
1772083616637,34.089008,-117.999845,2026-02-26 05:26:56.637
1772083627799,34.088176,-118.00178,2026-02-26 05:27:07.799
1772083640914,34.087406,-118.003901,2026-02-26 05:27:20.914
1772083686220,34.086643,-118.005249,2026-02-26 05:28:06.220
1772083866086,34.086596,-118.005297,2026-02-26 05:31:06.086
1772084045903,34.086598,-118.005332,2026-02-26 05:34:05.903
1772084226547,34.086579,-118.005309,2026-02-26 05:37:06.547
1772084406596,34.086633,-118.005315,2026-02-26 05:40:06.596
1772084586068,34.08655,-118.005303,2026-02-26 05:43:06.068
1772084766638,34.086543,-118.005288,2026-02-26 05:46:06.638
1772084946354,34.086553,-118.005289,2026-02-26 05:49:06.354
1772085126026,34.086556,-118.005296,2026-02-26 05:52:06.026
1772085306751,34.086554,-118.005296,2026-02-26 05:55:06.751
1772085486316,34.086569,-118.005303,2026-02-26 05:58:06.316
1772085665919,34.086557,-118.0053,2026-02-26 06:01:05.919
1772085927995,34.086571,-118.005282,2026-02-26 06:05:27.995
1772086107768,34.086581,-118.005295,2026-02-26 06:08:27.768
1772086424285,34.086547,-118.005302,2026-02-26 06:13:44.285
1772086604968,34.086547,-118.005302,2026-02-26 06:16:44.968
1772086784823,34.086547,-118.005302,2026-02-26 06:19:44.823
1772086979692,34.086547,-118.005302,2026-02-26 06:22:59.692
1772087160728,34.086547,-118.005302,2026-02-26 06:26:00.728
1772087436654,34.086524,-118.005299,2026-02-26 06:30:36.654
1772087616466,34.086543,-118.005259,2026-02-26 06:33:36.466
1772087909669,34.086611,-118.00529,2026-02-26 06:38:29.669
1772088089325,34.086602,-118.005312,2026-02-26 06:41:29.325
1772088269004,34.086587,-118.005305,2026-02-26 06:44:29.004
1772088448738,34.086601,-118.005298,2026-02-26 06:47:28.738
1772088629487,34.08659,-118.005301,2026-02-26 06:50:29.487
1772088809096,34.086596,-118.005315,2026-02-26 06:53:29.096
1772088988701,34.086598,-118.005256,2026-02-26 06:56:28.701
1772089169540,34.086594,-118.005278,2026-02-26 06:59:29.540
1772089349361,34.086612,-118.005283,2026-02-26 07:02:29.361
1772089529076,34.086617,-118.005278,2026-02-26 07:05:29.076
1772089708836,34.086617,-118.005278,2026-02-26 07:08:28.836
1772089888712,34.086617,-118.005278,2026-02-26 07:11:28.712
1772090069564,34.086617,-118.005278,2026-02-26 07:14:29.564
1772090249394,34.086617,-118.005278,2026-02-26 07:17:29.394
1772090429311,34.086617,-118.005278,2026-02-26 07:20:29.311
1772090609068,34.086598,-118.005289,2026-02-26 07:23:29.068
1772090788922,34.086598,-118.005313,2026-02-26 07:26:28.922
1772090969596,34.086613,-118.005302,2026-02-26 07:29:29.596
1772091149364,34.086608,-118.005314,2026-02-26 07:32:29.364
1772091328980,34.086603,-118.005291,2026-02-26 07:35:28.980
1772091509659,34.086589,-118.005297,2026-02-26 07:38:29.659
1772091689423,34.086588,-118.005306,2026-02-26 07:41:29.423
1772091869250,34.086601,-118.005305,2026-02-26 07:44:29.250
1772092049074,34.086602,-118.005296,2026-02-26 07:47:29.074
1772092229575,34.086608,-118.005294,2026-02-26 07:50:29.575
1772092409601,34.086597,-118.005298,2026-02-26 07:53:29.601
1772092589132,34.086609,-118.005316,2026-02-26 07:56:29.132
1772092768801,34.086595,-118.005299,2026-02-26 07:59:28.801
1772092949581,34.086596,-118.005294,2026-02-26 08:02:29.581
1772093129250,34.086595,-118.005301,2026-02-26 08:05:29.250
1772093309174,34.086627,-118.005297,2026-02-26 08:08:29.174
1772093488727,34.086627,-118.005297,2026-02-26 08:11:28.727
1772093669553,34.086617,-118.005295,2026-02-26 08:14:29.553
1772093849174,34.086612,-118.005293,2026-02-26 08:17:29.174
1772094028778,34.08663,-118.005296,2026-02-26 08:20:28.778
1772094209519,34.086629,-118.005288,2026-02-26 08:23:29.519
1772094389160,34.086617,-118.005288,2026-02-26 08:26:29.160
1772094569158,34.086607,-118.005284,2026-02-26 08:29:29.158
1772094748766,34.086611,-118.005297,2026-02-26 08:32:28.766
1772094929408,34.086596,-118.005296,2026-02-26 08:35:29.408
1772095109012,34.086611,-118.005312,2026-02-26 08:38:29.012
1772095288744,34.086611,-118.005284,2026-02-26 08:41:28.744
1772095469528,34.08662,-118.005296,2026-02-26 08:44:29.528
1772095649111,34.08661,-118.005287,2026-02-26 08:47:29.111
1772095829194,34.086633,-118.005293,2026-02-26 08:50:29.194
1772096009568,34.086625,-118.005294,2026-02-26 08:53:29.568
1772096189344,34.086622,-118.005282,2026-02-26 08:56:29.344
1772096369058,34.08654,-118.005294,2026-02-26 08:59:29.058
1772096548766,34.086506,-118.005292,2026-02-26 09:02:28.766
1772096728705,34.086539,-118.005281,2026-02-26 09:05:28.705
1772096909327,34.086548,-118.005291,2026-02-26 09:08:29.327
1772097089339,34.086616,-118.005267,2026-02-26 09:11:29.339
1772097268964,34.086611,-118.005277,2026-02-26 09:14:28.964
1772097448637,34.086606,-118.005267,2026-02-26 09:17:28.637
1772097629421,34.0866,-118.005281,2026-02-26 09:20:29.421
1772097809224,34.086589,-118.005286,2026-02-26 09:23:29.224
1772097988939,34.086607,-118.005273,2026-02-26 09:26:28.939
1772098168612,34.086581,-118.005277,2026-02-26 09:29:28.612
1772098349317,34.086602,-118.00528,2026-02-26 09:32:29.317
1772098529029,34.086608,-118.005284,2026-02-26 09:35:29.029
1772098708842,34.086607,-118.005287,2026-02-26 09:38:28.842
1772098889467,34.086621,-118.005266,2026-02-26 09:41:29.467
1772099069175,34.086621,-118.005269,2026-02-26 09:44:29.175
1772099248983,34.086579,-118.005272,2026-02-26 09:47:28.983
1772099428806,34.086579,-118.005272,2026-02-26 09:50:28.806
1772099608618,34.086579,-118.005272,2026-02-26 09:53:28.618
1772099789437,34.086579,-118.005272,2026-02-26 09:56:29.437
1772099969374,34.086579,-118.005272,2026-02-26 09:59:29.374
1772100149182,34.086579,-118.005272,2026-02-26 10:02:29.182
1772100329012,34.086579,-118.005272,2026-02-26 10:05:29.012
1772100509132,34.086579,-118.005272,2026-02-26 10:08:29.132
1772100688639,34.086579,-118.005272,2026-02-26 10:11:28.639
1772100869548,34.086579,-118.005272,2026-02-26 10:14:29.548
1772101049426,34.086579,-118.005272,2026-02-26 10:17:29.426
1772101229416,34.086579,-118.005272,2026-02-26 10:20:29.416
1772101409164,34.086579,-118.005272,2026-02-26 10:23:29.164
1772101589152,34.086579,-118.005272,2026-02-26 10:26:29.152
1772101768963,34.086579,-118.005272,2026-02-26 10:29:28.963
1772101948784,34.086579,-118.005272,2026-02-26 10:32:28.784
1772102128532,34.086579,-118.005272,2026-02-26 10:35:28.532
1772102309337,34.086579,-118.005272,2026-02-26 10:38:29.337
1772102489259,34.086579,-118.005272,2026-02-26 10:41:29.259
1772102669304,34.086579,-118.005272,2026-02-26 10:44:29.304
1772102848987,34.086579,-118.005272,2026-02-26 10:47:28.987
1772103029112,34.086579,-118.005272,2026-02-26 10:50:29.112
1772103208728,34.086579,-118.005272,2026-02-26 10:53:28.728
1772103389055,34.086579,-118.005272,2026-02-26 10:56:29.055
1772103569428,34.086579,-118.005272,2026-02-26 10:59:29.428
1772103749415,34.086579,-118.005272,2026-02-26 11:02:29.415
1772103929221,34.086579,-118.005272,2026-02-26 11:05:29.221
1772104109034,34.086579,-118.005272,2026-02-26 11:08:29.034
1772104288953,34.086579,-118.005272,2026-02-26 11:11:28.953
1772104468671,34.086579,-118.005272,2026-02-26 11:14:28.671
1772104648587,34.086579,-118.005272,2026-02-26 11:17:28.587
1772104829373,34.086579,-118.005272,2026-02-26 11:20:29.373
1772105009354,34.086579,-118.005272,2026-02-26 11:23:29.354
1772105189163,34.086579,-118.005272,2026-02-26 11:26:29.163
1772105369180,34.086579,-118.005272,2026-02-26 11:29:29.180
1772105548890,34.086579,-118.005272,2026-02-26 11:32:28.890
1772105728920,34.086579,-118.005272,2026-02-26 11:35:28.920
1772105908632,34.086579,-118.005272,2026-02-26 11:38:28.632
1772106088652,34.086579,-118.005272,2026-02-26 11:41:28.652
1772106269379,34.086579,-118.005272,2026-02-26 11:44:29.379
1772106449202,34.086579,-118.005272,2026-02-26 11:47:29.202
1772106629029,34.086579,-118.005272,2026-02-26 11:50:29.029
1772106808837,34.086579,-118.005272,2026-02-26 11:53:28.837
1772106988754,34.086579,-118.005272,2026-02-26 11:56:28.754
1772107168474,34.086579,-118.005272,2026-02-26 11:59:28.474
1772107349311,34.086579,-118.005272,2026-02-26 12:02:29.311
1772107529230,34.086579,-118.005272,2026-02-26 12:05:29.230
1772107709249,34.086579,-118.005272,2026-02-26 12:08:29.249
1772107888976,34.086579,-118.005272,2026-02-26 12:11:28.976
1772108069103,34.086579,-118.005272,2026-02-26 12:14:29.103
1772108249315,34.086579,-118.005272,2026-02-26 12:17:29.315
1772108428722,34.086579,-118.005272,2026-02-26 12:20:28.722
1772108609360,34.086579,-118.005272,2026-02-26 12:23:29.360
1772108789192,34.086579,-118.005272,2026-02-26 12:26:29.192
1772108969089,34.086579,-118.005272,2026-02-26 12:29:29.089
1772109148904,34.086579,-118.005272,2026-02-26 12:32:28.904
1772109328830,34.086579,-118.005272,2026-02-26 12:35:28.830
1772109508635,34.086579,-118.005272,2026-02-26 12:38:28.635
1772109688448,34.086579,-118.005272,2026-02-26 12:41:28.448
1772109869223,34.086579,-118.005272,2026-02-26 12:44:29.223
1772110049013,34.086579,-118.005272,2026-02-26 12:47:29.013
1772110228928,34.086579,-118.005272,2026-02-26 12:50:28.928
1772110408640,34.086579,-118.005272,2026-02-26 12:53:28.640
1772110589342,34.086579,-118.005272,2026-02-26 12:56:29.342
1772110769298,34.086579,-118.005272,2026-02-26 12:59:29.298
1772110949218,34.086579,-118.005272,2026-02-26 13:02:29.218
1772111129031,34.086579,-118.005272,2026-02-26 13:05:29.031
1772111308851,34.086579,-118.005272,2026-02-26 13:08:28.851
1772111488763,34.086579,-118.005272,2026-02-26 13:11:28.763
1772111668583,34.086579,-118.005272,2026-02-26 13:14:28.583
1772111848503,34.086579,-118.005272,2026-02-26 13:17:28.503
1772112029289,34.086579,-118.005272,2026-02-26 13:20:29.289
1772112209257,34.086579,-118.005272,2026-02-26 13:23:29.257
1772112388967,34.086579,-118.005272,2026-02-26 13:26:28.967
1772112568787,34.086579,-118.005272,2026-02-26 13:29:28.787
1772112748596,34.086579,-118.005272,2026-02-26 13:32:28.596
1772112928627,34.086579,-118.005272,2026-02-26 13:35:28.627
1772113109265,34.086579,-118.005272,2026-02-26 13:38:29.265
1772113289080,34.086579,-118.005272,2026-02-26 13:41:29.080
1772113468994,34.086579,-118.005272,2026-02-26 13:44:28.994
1772113648811,34.086579,-118.005272,2026-02-26 13:47:28.811
1772113828625,34.086579,-118.005272,2026-02-26 13:50:28.625
1772114008441,34.086579,-118.005272,2026-02-26 13:53:28.441
1772114189248,34.086579,-118.005272,2026-02-26 13:56:29.248
1772114369098,34.086579,-118.005272,2026-02-26 13:59:29.098
1772114549018,34.086579,-118.005272,2026-02-26 14:02:29.018
1772114728937,34.086579,-118.005272,2026-02-26 14:05:28.937
1772114908650,34.086579,-118.005272,2026-02-26 14:08:28.650
1772115088570,34.086579,-118.005272,2026-02-26 14:11:28.570
1772115268376,34.086579,-118.005272,2026-02-26 14:14:28.376
1772115449234,34.086579,-118.005272,2026-02-26 14:17:29.234
1772115629131,34.086579,-118.005272,2026-02-26 14:20:29.131
1772115808966,34.086579,-118.005272,2026-02-26 14:23:28.966
1772115988777,34.086579,-118.005272,2026-02-26 14:26:28.777
1772116168636,34.086579,-118.005272,2026-02-26 14:29:28.636
1772116348514,34.086579,-118.005272,2026-02-26 14:32:28.514
1772116529236,34.086579,-118.005272,2026-02-26 14:35:29.236
1772116709207,34.086579,-118.005272,2026-02-26 14:38:29.207
1772116889201,34.086579,-118.005272,2026-02-26 14:41:29.201
1772117069006,34.086579,-118.005272,2026-02-26 14:44:29.006
1772117248614,34.086579,-118.005272,2026-02-26 14:47:28.614
1772117428538,34.086579,-118.005272,2026-02-26 14:50:28.538
1772117609184,34.086579,-118.005272,2026-02-26 14:53:29.184
1772117789084,34.086579,-118.005272,2026-02-26 14:56:29.084
1772117968910,34.086579,-118.005272,2026-02-26 14:59:28.910
1772118148726,34.086579,-118.005272,2026-02-26 15:02:28.726
1772118328640,34.086579,-118.005272,2026-02-26 15:05:28.640
1772118508454,34.086579,-118.005272,2026-02-26 15:08:28.454
1772118689209,34.086605,-118.0053,2026-02-26 15:11:29.209
1772118868951,34.086605,-118.0053,2026-02-26 15:14:28.951
1772119048821,34.086604,-118.00531,2026-02-26 15:17:28.821
1772119228755,34.086604,-118.00531,2026-02-26 15:20:28.755
1772119851819,34.086609,-118.005282,2026-02-26 15:30:51.819
1772120402357,34.086609,-118.005282,2026-02-26 15:40:02.357
1772149036643,34.086598,-118.005258,2026-02-26 23:37:16.643
1772149046638,34.086591,-118.005265,2026-02-26 23:37:26.638
1772149216367,34.086621,-118.005334,2026-02-26 23:40:16.367
1772149396168,34.086612,-118.005338,2026-02-26 23:43:16.168
1772149729282,34.086618,-118.005315,2026-02-26 23:48:49.282
1772149909915,34.086636,-118.005343,2026-02-26 23:51:49.915
1772150239128,34.086605,-118.005308,2026-02-26 23:57:19.128
1772150420063,34.086604,-118.005304,2026-02-27 00:00:20.063
1772150705872,34.086621,-118.005302,2026-02-27 00:05:05.872
1772150885690,34.086621,-118.005302,2026-02-27 00:08:05.690
1772151157716,34.086672,-118.005286,2026-02-27 00:12:37.716
1772151338298,34.086675,-118.005351,2026-02-27 00:15:38.298
1772151518119,34.08672,-118.005342,2026-02-27 00:18:38.119
1772151698037,34.08672,-118.005342,2026-02-27 00:21:38.037
1772151877771,34.086548,-118.005158,2026-02-27 00:24:37.771
1772152057466,34.086581,-118.005302,2026-02-27 00:27:37.466
1772152238183,34.086553,-118.005281,2026-02-27 00:30:38.183
1772152417873,34.086581,-118.005315,2026-02-27 00:33:37.873
1772152597491,34.086575,-118.00531,2026-02-27 00:36:37.491
1772152778309,34.086601,-118.005316,2026-02-27 00:39:38.309
1772152958022,34.086607,-118.005302,2026-02-27 00:42:38.022
1772153137809,34.086599,-118.005323,2026-02-27 00:45:37.809
1772153317413,34.086592,-118.005331,2026-02-27 00:48:37.413
1772153498268,34.086567,-118.005246,2026-02-27 00:51:38.268
1772153678035,34.08659,-118.00526,2026-02-27 00:54:38.035
1772153857544,34.086597,-118.005259,2026-02-27 00:57:37.544
1772154038267,34.086597,-118.005258,2026-02-27 01:00:38.267
1772154217893,34.086597,-118.005314,2026-02-27 01:03:37.893
1772154397553,34.086599,-118.005324,2026-02-27 01:06:37.553
1772154578179,34.086593,-118.005309,2026-02-27 01:09:38.179
1772154757820,34.086604,-118.005314,2026-02-27 01:12:37.820
1772154937600,34.086606,-118.005324,2026-02-27 01:15:37.600
1772155118138,34.086609,-118.005316,2026-02-27 01:18:38.138
1772155297856,34.086603,-118.005318,2026-02-27 01:21:37.856
1772155477568,34.086622,-118.00532,2026-02-27 01:24:37.568
1772155658201,34.086633,-118.005323,2026-02-27 01:27:38.201
1772155837908,34.086634,-118.005325,2026-02-27 01:30:37.908
1772156017830,34.086634,-118.005325,2026-02-27 01:33:37.830
1772156143483,34.086609,-118.005306,2026-02-27 01:35:43.483
1772156325331,34.086565,-118.005285,2026-02-27 01:38:45.331
1772156505064,34.086565,-118.005285,2026-02-27 01:41:45.064
1772156832537,34.086565,-118.005285,2026-02-27 01:47:12.537
1772157012351,34.086565,-118.005285,2026-02-27 01:50:12.351
1772157288443,34.086565,-118.005285,2026-02-27 01:54:48.443
1772157468350,34.086565,-118.005285,2026-02-27 01:57:48.350
1772157741546,34.086565,-118.005285,2026-02-27 02:02:21.546
1772157921361,34.086565,-118.005285,2026-02-27 02:05:21.361
1772158219655,34.086565,-118.005285,2026-02-27 02:10:19.655
1772158399470,34.086565,-118.005285,2026-02-27 02:13:19.470
1772158579189,34.086565,-118.005285,2026-02-27 02:16:19.189
1772158759925,34.086565,-118.005285,2026-02-27 02:19:19.925
1772158939754,34.086566,-118.005285,2026-02-27 02:22:19.754
1772159119454,34.086565,-118.005285,2026-02-27 02:25:19.454
1772159299372,34.086565,-118.005285,2026-02-27 02:28:19.372
1772159479292,34.086565,-118.005285,2026-02-27 02:31:19.292
1772159660006,34.086565,-118.005285,2026-02-27 02:34:20.006
1772159839928,34.086565,-118.005285,2026-02-27 02:37:19.928
1772160019765,34.086565,-118.005285,2026-02-27 02:40:19.765
1772160199579,34.086565,-118.005285,2026-02-27 02:43:19.579
1772160379499,34.086565,-118.005285,2026-02-27 02:46:19.499
1772160559410,34.086565,-118.005285,2026-02-27 02:49:19.410
1772160739192,34.086554,-118.00525,2026-02-27 02:52:19.192
1772160919852,34.086563,-118.005251,2026-02-27 02:55:19.852
1772161099494,34.086562,-118.00525,2026-02-27 02:58:19.494
1772161279097,34.086538,-118.005246,2026-02-27 03:01:19.097
1772161459934,34.086539,-118.005246,2026-02-27 03:04:19.934
1772161639750,34.086538,-118.005246,2026-02-27 03:07:19.750
1772161819558,34.086539,-118.005246,2026-02-27 03:10:19.558
1772161999488,34.086538,-118.005246,2026-02-27 03:13:19.488
1772162179295,34.086538,-118.005246,2026-02-27 03:16:19.295
1772162446363,34.086538,-118.005246,2026-02-27 03:20:46.363
1772162626280,34.086538,-118.005246,2026-02-27 03:23:46.280
1772162963553,34.086555,-118.005236,2026-02-27 03:29:23.553
1772163143407,34.086563,-118.005255,2026-02-27 03:32:23.407
1772163323138,34.086552,-118.005262,2026-02-27 03:35:23.138
1772163503048,34.086574,-118.005279,2026-02-27 03:38:23.048
1772163771344,34.086544,-118.005225,2026-02-27 03:42:51.344
1772163951040,34.08659,-118.005307,2026-02-27 03:45:51.040
1772164223019,34.086588,-118.005312,2026-02-27 03:50:23.019
1772164402738,34.086603,-118.005299,2026-02-27 03:53:22.738
1772164716798,34.086602,-118.005323,2026-02-27 03:58:36.798
1772164896445,34.086593,-118.005323,2026-02-27 04:01:36.445
1772165169518,34.086619,-118.005335,2026-02-27 04:06:09.518
1772165349232,34.086539,-118.005221,2026-02-27 04:09:09.232
1772165530216,34.08654,-118.005229,2026-02-27 04:12:10.216
1772165709991,34.086549,-118.00524,2026-02-27 04:15:09.991
1772165889806,34.08654,-118.005207,2026-02-27 04:18:09.806
1772166069626,34.086527,-118.005256,2026-02-27 04:21:09.626
1772166249341,34.086533,-118.005239,2026-02-27 04:24:09.341
1772166430138,34.086536,-118.005267,2026-02-27 04:27:10.138
1772166609918,34.086592,-118.005295,2026-02-27 04:30:09.918
1772166789714,34.086595,-118.005269,2026-02-27 04:33:09.714
1772166969276,34.086596,-118.005261,2026-02-27 04:36:09.276
1772167149932,34.086596,-118.00526,2026-02-27 04:39:09.932
1772167329599,34.086613,-118.005293,2026-02-27 04:42:09.599
1772167509357,34.086607,-118.005303,2026-02-27 04:45:09.357
1772167689931,34.086604,-118.005312,2026-02-27 04:48:09.931
1772167869791,34.086609,-118.005301,2026-02-27 04:51:09.791
1772168049343,34.086609,-118.005304,2026-02-27 04:54:09.343
1772168229920,34.086632,-118.005308,2026-02-27 04:57:09.920
1772168409692,34.086637,-118.005309,2026-02-27 05:00:09.692
1772168589412,34.086637,-118.005309,2026-02-27 05:03:09.412
1772168769217,34.086603,-118.005296,2026-02-27 05:06:09.217
1772168949847,34.086617,-118.005298,2026-02-27 05:09:09.847
1772169129573,34.086623,-118.00529,2026-02-27 05:12:09.573
1772169309192,34.086603,-118.005304,2026-02-27 05:15:09.192
1772169489815,34.086633,-118.005285,2026-02-27 05:18:09.815
1772169669458,34.086607,-118.005282,2026-02-27 05:21:09.458
1772169849357,34.0866,-118.00528,2026-02-27 05:24:09.357
1772170029169,34.0866,-118.00528,2026-02-27 05:27:09.169
1772170210018,34.0866,-118.00528,2026-02-27 05:30:10.018
1772170389926,34.0866,-118.00528,2026-02-27 05:33:09.926
1772170569742,34.0866,-118.00528,2026-02-27 05:36:09.742
1772170749831,34.0866,-118.00528,2026-02-27 05:39:09.831
1772171030966,34.0866,-118.00528,2026-02-27 05:43:50.966
1772171210669,34.086571,-118.005284,2026-02-27 05:46:50.669
1772171528121,34.086583,-118.005272,2026-02-27 05:52:08.121
1772171708031,34.086585,-118.00527,2026-02-27 05:55:08.031
1772171888829,34.086587,-118.005268,2026-02-27 05:58:08.829
1772172068691,34.086589,-118.005266,2026-02-27 06:01:08.691
1772172248509,34.08659,-118.005265,2026-02-27 06:04:08.509
1772172428440,34.086591,-118.005264,2026-02-27 06:07:08.440
1772172608244,34.086592,-118.005263,2026-02-27 06:10:08.244
1772172788060,34.086592,-118.005263,2026-02-27 06:13:08.060
1772172967931,34.086593,-118.005262,2026-02-27 06:16:07.931
1772173148746,34.086593,-118.005262,2026-02-27 06:19:08.746
1772173328730,34.086594,-118.005261,2026-02-27 06:22:08.730
1772173508538,34.086594,-118.005261,2026-02-27 06:25:08.538
1772173688360,34.086594,-118.005261,2026-02-27 06:28:08.360
1772173868215,34.086595,-118.00526,2026-02-27 06:31:08.215
1772174048305,34.086595,-118.00526,2026-02-27 06:34:08.305
1772174228770,34.086595,-118.00526,2026-02-27 06:37:08.770
1772174408550,34.086595,-118.00526,2026-02-27 06:40:08.550
1772174588159,34.086596,-118.005259,2026-02-27 06:43:08.159
1772174767896,34.086586,-118.005268,2026-02-27 06:46:07.896
1772174948490,34.086602,-118.005303,2026-02-27 06:49:08.490
1772175128165,34.086585,-118.005262,2026-02-27 06:52:08.165
1772175308120,34.086551,-118.005298,2026-02-27 06:55:08.120
1772175487963,34.086551,-118.005298,2026-02-27 06:58:07.963
1772175668719,34.086552,-118.005286,2026-02-27 07:01:08.719
1772175848394,34.08654,-118.005287,2026-02-27 07:04:08.394
1772176028117,34.086531,-118.005301,2026-02-27 07:07:08.117
1772176207815,34.086524,-118.005292,2026-02-27 07:10:07.815
1772176388464,34.086519,-118.005298,2026-02-27 07:13:08.464
1772176568193,34.086548,-118.005294,2026-02-27 07:16:08.193
1772176748109,34.086548,-118.005294,2026-02-27 07:19:08.109
1772176927929,34.086548,-118.005294,2026-02-27 07:22:07.929
1772177108695,34.086548,-118.005294,2026-02-27 07:25:08.695
1772177288673,34.086548,-118.005294,2026-02-27 07:28:08.673
1772177468504,34.086548,-118.005294,2026-02-27 07:31:08.504
1772177648284,34.08654,-118.005291,2026-02-27 07:34:08.284
1772177828139,34.086535,-118.005287,2026-02-27 07:37:08.139
1772178008061,34.086535,-118.005287,2026-02-27 07:40:08.061
1772178187876,34.086535,-118.005287,2026-02-27 07:43:07.876
1772178368683,34.086535,-118.005287,2026-02-27 07:46:08.683
